germline_call	note	polymorphism_call	nt_substitutions	novel_imgt	novel_imgt_count	novel_imgt_unique_j	novel_imgt_unique_cdr3	perfect_match_count	perfect_match_freq	germline_call_count	germline_call_freq	mut_min	mut_max	mut_pass_count	germline_imgt	germline_imgt_count	pos_min	pos_max	y_intercept	y_intercept_pass	snp_pass	unmutated_count	unmutated_freq	unmutated_snp_j_gene_length_count	snp_min_seqs_j_max_pass	alpha	min_seqs	j_max	min_frac
IGHV1-2*02	Novel allele found!	IGHV1-2*02_A37C	37A>C	CAGGTGCAGCTGGTGCAGTCTGGGGCT...GAGGTGCAGAAGCCTGGGGCCTCAGTGAAGGTCTCCTGCAAGGCTTCTGGATACACCTTC............ACCGGCTACTATATGCACTGGGTGCGACAGGCCCCTGGACAAGGGCTTGAGTGGATGGGATGGATCAACCCTAAC......AGTGGTGGCACAAACTATGCACAGAAGTTTCAG...GGCAGGGTCACCATGACCAGGGACACGTCCATCAGCACAGCCTACATGGAGCTGAGCAGGCTGAGATCTGACGACACGGCCGTGTATTACTGTGCGAGAGA	4	4	4	16	0.0610687022900763	262	0.019	1	10	48	CAGGTGCAGCTGGTGCAGTCTGGGGCT...GAGGTGAAGAAGCCTGGGGCCTCAGTGAAGGTCTCCTGCAAGGCTTCTGGATACACCTTC............ACCGGCTACTATATGCACTGGGTGCGACAGGCCCCTGGACAAGGGCTTGAGTGGATGGGATGGATCAACCCTAAC......AGTGGTGGCACAAACTATGCACAGAAGTTTCAG...GGCAGGGTCACCATGACCAGGGACACGTCCATCAGCACAGCCTACATGGAGCTGAGCAGGCTGAGATCTGACGACACGGCCGTGTATTACTGTGCGAGAGA	74	1	320	0.125	1	16	16	0.0610687022900763	14	1	0.05	1	0.15	0.75
IGHV1-24*01	Novel allele found!	IGHV1-24*01_A37C	37A>C	CAGGTCCAGCTGGTACAGTCTGGGGCT...GAGGTGCAGAAGCCTGGGGCCTCAGTGAAGGTCTCCTGCAAGGTTTCCGGATACACCCTC............ACTGAATTATCCATGCACTGGGTGCGACAGGCTCCTGGAAAAGGGCTTGAGTGGATGGGAGGTTTTGATCCTGAA......GATGGTGAAACAATCTACGCACAGAAGTTCCAG...GGCAGAGTCACCATGACCGAGGACACATCTACAGACACAGCCTACATGGAGCTGAGCAGCCTGAGATCTGAGGACACGGCCGTGTATTACTGTGCAACAGA	3	2	3	8	0.0284697508896797	281	0.02	1	10	24	CAGGTCCAGCTGGTACAGTCTGGGGCT...GAGGTGAAGAAGCCTGGGGCCTCAGTGAAGGTCTCCTGCAAGGTTTCCGGATACACCCTC............ACTGAATTATCCATGCACTGGGTGCGACAGGCTCCTGGAAAAGGGCTTGAGTGGATGGGAGGTTTTGATCCTGAA......GATGGTGAAACAATCTACGCACAGAAGTTCCAG...GGCAGAGTCACCATGACCGAGGACACATCTACAGACACAGCCTACATGGAGCTGAGCAGCCTGAGATCTGAGGACACGGCCGTGTATTACTGTGCAACAGA	51	1	320	0.125	2	17	16	0.0569395017793594	15	1	0.05	1	0.15	0.75
IGHV1-69*11	Novel allele found!	IGHV1-69*11_C6G	6C>G	CAGGTGCAGCTGGTGCAGTCTGGGGCT...GAGGTGAAGAAGCCTGGGTCCTCGGTGAAGGTCTCCTGCAAGGCTTCTGGAGGCACCTTC............AGCAGCTATGCTATCAGCTGGGTGCGACAGGCCCCTGGACAAGGGCTTGAGTGGATGGGAAGGATCATCCCTATC......CTTGGTACAGCAAACTACGCACAGAAGTTCCAG...GGCAGAGTCACGATTACCGCGGACGAATCCACGAGCACAGCCTACATGGAGCTGAGCAGCCTGAGATCTGAGGACACGGCCGTGTATTACTGTGCGAGAGA	4	2	4	14	0.147368421052632	95	0.007	1	10	31	CAGGTCCAGCTGGTGCAGTCTGGGGCT...GAGGTGAAGAAGCCTGGGTCCTCGGTGAAGGTCTCCTGCAAGGCTTCTGGAGGCACCTTC............AGCAGCTATGCTATCAGCTGGGTGCGACAGGCCCCTGGACAAGGGCTTGAGTGGATGGGAAGGATCATCCCTATC......CTTGGTACAGCAAACTACGCACAGAAGTTCCAG...GGCAGAGTCACGATTACCGCGGACGAATCCACGAGCACAGCCTACATGGAGCTGAGCAGCCTGAGATCTGAGGACACGGCCGTGTATTACTGTGCGAGAGA	21	1	320	0.125	1	20	14	0.147368421052632	12	1	0.05	1	0.15	0.75
IGHV1-69-2*01	Novel allele found!	IGHV1-69-2*01_C201T	201C>T	GAGGTCCAGCTGGTACAGTCTGGGGCT...GAGGTGAAGAAGCCTGGGGCTACAGTGAAAATCTCCTGCAAGGTTTCTGGATACACCTTC............ACCGACTACTACATGCACTGGGTGCAACAGGCCCCTGGAAAAGGGCTTGAGTGGATGGGACTTGTTGATCCTGAA......GATGGTGAAACAATATATGCAGAGAAGTTCCAG...GGCAGAGTCACCATAACCGCGGACACGTCTACAGACACAGCCTACATGGAGCTGAGCAGCCTGAGATCTGAGGACACGGCCGTGTATTACTGTGCAACAGA	8	4	8	43	0.120786516853933	356	0.025	1	10	85	GAGGTCCAGCTGGTACAGTCTGGGGCT...GAGGTGAAGAAGCCTGGGGCTACAGTGAAAATCTCCTGCAAGGTTTCTGGATACACCTTC............ACCGACTACTACATGCACTGGGTGCAACAGGCCCCTGGAAAAGGGCTTGAGTGGATGGGACTTGTTGATCCTGAA......GATGGTGAAACAATATACGCAGAGAAGTTCCAG...GGCAGAGTCACCATAACCGCGGACACGTCTACAGACACAGCCTACATGGAGCTGAGCAGCCTGAGATCTGAGGACACGGCCGTGTATTACTGTGCAACAGA	62	1	320	0.125	1	45	43	0.120786516853933	29	1	0.05	1	0.15	0.75
IGHV3-9*01	Novel allele found!	IGHV3-9*01_T194C_C198T	194T>C,198C>T	GAAGTGCAGCTGGTGGAGTCTGGGGGA...GGCTTGGTACAGCCTGGCAGGTCCCTGAGACTCTCCTGTGCAGCCTCTGGATTCACCTTT............GATGATTATGCCATGCACTGGGTCCGGCAAGCTCCAGGGAAGGGCCTGGAGTGGGTCTCAGGTATTAGTTGGAAT......AGTGGTAGCACAGGTTATGCGGACTCTGTGAAG...GGCCGATTCACCATCTCCAGAGACAACGCCAAGAACTCCCTGTATCTGCAAATGAACAGTCTGAGAGCTGAGGACACGGCCTTGTATTACTGTGCAAAAGATA	114	5	114	177	0.438118811881188	404	0.029	1	10	232	GAAGTGCAGCTGGTGGAGTCTGGGGGA...GGCTTGGTACAGCCTGGCAGGTCCCTGAGACTCTCCTGTGCAGCCTCTGGATTCACCTTT............GATGATTATGCCATGCACTGGGTCCGGCAAGCTCCAGGGAAGGGCCTGGAGTGGGTCTCAGGTATTAGTTGGAAT......AGTGGTAGCATAGGCTATGCGGACTCTGTGAAG...GGCCGATTCACCATCTCCAGAGACAACGCCAAGAACTCCCTGTATCTGCAAATGAACAGTCTGAGAGCTGAGGACACGGCCTTGTATTACTGTGCAAAAGATA	93	1	320	0.125	2	202	178	0.440594059405941	56	1	0.05	1	0.15	0.75
IGHV3-21*05	Novel allele found!	IGHV3-21*05_C34T_C39A_A40C	34C>T,39C>A,40A>C	GAGGTGCAGCTGGTGGAGTCTGGGGGA...GGCTTGGTACAGCCTGGGGGGTCCCTGAGACTCTCCTGTGCAGCCTCTGGATTCACCTTC............AGTAGCTATAGCATGAACTGGGTCCGCCAGGCTCCAGGGAAGGGGCTGGAGTGGGTTTCATACATTAGTAGTAGT......AGTAGTTACATATACTACGCAGACTCAGTGAAG...GGCCGATTCACCATCTCCAGAGACAACGCCAAGAACTCACTGTATCTGCAAATGAACAGCCTGAGAGCCGAGGACACGGCTGTGTATTACTGTGCGAGAGA	6	4	6	8	0.444444444444444	18	0.001	1	10	18	GAGGTGCAGCTGGTGGAGTCTGGGGGA...GGCCTGGTCAAGCCTGGGGGGTCCCTGAGACTCTCCTGTGCAGCCTCTGGATTCACCTTC............AGTAGCTATAGCATGAACTGGGTCCGCCAGGCTCCAGGGAAGGGGCTGGAGTGGGTTTCATACATTAGTAGTAGT......AGTAGTTACATATACTACGCAGACTCAGTGAAG...GGCCGATTCACCATCTCCAGAGACAACGCCAAGAACTCACTGTATCTGCAAATGAACAGCCTGAGAGCCGAGGACACGGCTGTGTATTACTGTGCGAGAGA	0	1	320	0.125	3	8	8	0.444444444444444	8	1	0.05	1	0.15	0.75
IGHV4-4*03	Novel allele found!	IGHV4-4*03_A14C	14A>C	CAGGTGCAGCTGCCGGAGTCGGGCCCA...GGACTGGTGAAGCCTCCGGGGACCCTGTCCCTCACCTGCGCTGTCTCTGGTGGCTCCATCAGC.........AGTAGTAACTGGTGGAGTTGGGTCCGCCAGCCCCCAGGGAAGGGGCTGGAGTGGATTGGGGAAATCTATCATAGT.........GGGAGCACCAACTACAACCCGTCCCTCAAG...AGTCGAGTCACCATATCAGTAGACAAGTCCAAGAACCAGTTCTCCCTGAAGCTGAGCTCTGTGACCGCCGCGGACACGGCCGTGTATTACTGTGCGAGAG	1	1	1	7	0.0593220338983051	118	0.008	1	10	21	CAGGTGCAGCTGCAGGAGTCGGGCCCA...GGACTGGTGAAGCCTCCGGGGACCCTGTCCCTCACCTGCGCTGTCTCTGGTGGCTCCATCAGC.........AGTAGTAACTGGTGGAGTTGGGTCCGCCAGCCCCCAGGGAAGGGGCTGGAGTGGATTGGGGAAATCTATCATAGT.........GGGAGCACCAACTACAACCCGTCCCTCAAG...AGTCGAGTCACCATATCAGTAGACAAGTCCAAGAACCAGTTCTCCCTGAAGCTGAGCTCTGTGACCGCCGCGGACACGGCCGTGTATTACTGTGCGAGAG	55	1	320	0.125	1	7	7	0.0593220338983051	7	1	0.05	1	0.15	0.75
IGHV4-59*01	Novel allele found!	IGHV4-59*01_T125C	125T>C	CAGGTGCAGCTGCAGGAGTCGGGCCCA...GGACTGGTGAAGCCTTCGGAGACCCTGTCCCTCACCTGCACTGTCTCTGGTGGCTCCATC............AGTAGTTACTACTGGAGCTGGACCCGGCAGCCCCCAGGGAAGGGACTGGAGTGGATTGGGTATATCTATTACAGT.........GGGAGCACCAACTACAACCCCTCCCTCAAG...AGTCGAGTCACCATATCAGTAGACACGTCCAAGAACCAGTTCTCCCTGAAGCTGAGCTCTGTGACCGCTGCGGACACGGCCGTGTATTACTGTGCGAGAGA	2	2	2	7	0.0378378378378378	185	0.013	1	10	29	CAGGTGCAGCTGCAGGAGTCGGGCCCA...GGACTGGTGAAGCCTTCGGAGACCCTGTCCCTCACCTGCACTGTCTCTGGTGGCTCCATC............AGTAGTTACTACTGGAGCTGGATCCGGCAGCCCCCAGGGAAGGGACTGGAGTGGATTGGGTATATCTATTACAGT.........GGGAGCACCAACTACAACCCCTCCCTCAAG...AGTCGAGTCACCATATCAGTAGACACGTCCAAGAACCAGTTCTCCCTGAAGCTGAGCTCTGTGACCGCTGCGGACACGGCCGTGTATTACTGTGCGAGAGA	41	1	320	0.125	1	7	7	0.0378378378378378	7	1	0.05	1	0.15	0.75
IGHV5-51*01	Novel allele found!	IGHV5-51*01_A32C	32A>C	GAGGTGCAGCTGGTGCAGTCTGGAGCA...GCGGTGAAAAAGCCCGGGGAGTCTCTGAAGATCTCCTGTAAGGGTTCTGGATACAGCTTT............ACCAGCTACTGGATCGGCTGGGTGCGCCAGATGCCCGGGAAAGGCCTGGAGTGGATGGGGATCATCTATCCTGGT......GACTCTGATACCAGATACAGCCCGTCCTTCCAA...GGCCAGGTCACCATCTCAGCCGACAAGTCCATCAGCACCGCCTACCTGCAGTGGAGCAGCCTGAAGGCCTCGGACACCGCCATGTATTACTGTGCGAGACA	7	3	7	20	0.0539083557951483	371	0.027	1	10	85	GAGGTGCAGCTGGTGCAGTCTGGAGCA...GAGGTGAAAAAGCCCGGGGAGTCTCTGAAGATCTCCTGTAAGGGTTCTGGATACAGCTTT............ACCAGCTACTGGATCGGCTGGGTGCGCCAGATGCCCGGGAAAGGCCTGGAGTGGATGGGGATCATCTATCCTGGT......GACTCTGATACCAGATACAGCCCGTCCTTCCAA...GGCCAGGTCACCATCTCAGCCGACAAGTCCATCAGCACCGCCTACCTGCAGTGGAGCAGCCTGAAGGCCTCGGACACCGCCATGTATTACTGTGCGAGACA	56	1	320	0.125	1	26	20	0.0539083557951483	18	1	0.05	1	0.15	0.75
