germline_call	note	polymorphism_call	nt_substitutions	novel_imgt	novel_imgt_count	novel_imgt_unique_j	novel_imgt_unique_cdr3	perfect_match_count	perfect_match_freq	germline_call_count	germline_call_freq	mut_min	mut_max	mut_pass_count	germline_imgt	germline_imgt_count	pos_min	pos_max	y_intercept	y_intercept_pass	snp_pass	unmutated_count	unmutated_freq	unmutated_snp_j_gene_length_count	snp_min_seqs_j_max_pass	alpha	min_seqs	j_max	min_frac	gene
IGKV3D-15*01	Novel allele found!	IGKV3D-15*01_C197T	197C>T	GAAATAGTGATGACGCAGTCTCCAGCCACCCTGTCTGTGTCTCCAGGGGAAAGAGCCACCCTCTCCTGCAGGGCCAGTCAGAGTGTT..................AGCAGCAACTTAGCCTGGTACCAGCAGAAACCTGGCCAGGCTCCCAGGCTCCTCATCTATGGTGCA.....................TCCATCAGGGCCACTGGCATCCCA...GCCAGGTTCAGTGGCAGTGGG......TCTGGGACAGAGTTCACTCTCACCATCAGCAGCCTGCAGTCTGAAGATTTTGCAGTTTATTACTGTCAGCAGTATAATAACTGGCCTCC	38	5	37	42	0.368421052631579	114	0.036	1	10	65	GAAATAGTGATGACGCAGTCTCCAGCCACCCTGTCTGTGTCTCCAGGGGAAAGAGCCACCCTCTCCTGCAGGGCCAGTCAGAGTGTT..................AGCAGCAACTTAGCCTGGTACCAGCAGAAACCTGGCCAGGCTCCCAGGCTCCTCATCTATGGTGCA.....................TCCACCAGGGCCACTGGCATCCCA...GCCAGGTTCAGTGGCAGTGGG......TCTGGGACAGAGTTCACTCTCACCATCAGCAGCCTGCAGTCTGAAGATTTTGCAGTTTATTACTGTCAGCAGTATAATAACTGGCCTCC	39	1	327	0.125	1	52	42	0.368421052631579	14	1	0.05	1	1	0	IGKV3D-15
IGKV6E-21*01	Novel allele found!	IGKV6E-21*01_A301G	301A>G	GAAATTGTGCTGACTCAGTCTCCAGACTTTCAGTCTGTGACTCCAAAGGAGAAAGTCACCATCACCTGCCGGGCCAGTCAGAGCATT..................GGTAGTAGCTTACACTGGTACCAGCAGAAACCAGATCAGTCTCCAAAGCTCCTCATCAAGTATGCT.....................TCCCAGTCCTTCTCAGGGGTCCCC...TCGAGGTTCAGTGGCAGTGGA......TCTGGGACAGATTTCACCCTCACCATCAATAGCCTGGAAGCTGAAGATGCTGCAGCGTATTACTGTCATCAGAGTAGTAGTTTACCTCA	13	4	13	16	0.126984126984127	126	0.044	1	10	41	GAAATTGTGCTGACTCAGTCTCCAGACTTTCAGTCTGTGACTCCAAAGGAGAAAGTCACCATCACCTGCCGGGCCAGTCAGAGCATT..................GGTAGTAGCTTACACTGGTACCAGCAGAAACCAGATCAGTCTCCAAAGCTCCTCATCAAGTATGCT.....................TCCCAGTCCTTCTCAGGGGTCCCC...TCGAGGTTCAGTGGCAGTGGA......TCTGGGACAGATTTCACCCTCACCATCAATAGCCTGGAAGCTGAAGATGCTGCAACGTATTACTGTCATCAGAGTAGTAGTTTACCTCA	74	1	328	0.125	1	19	16	0.126984126984127	6	1	0.05	1	1	0	IGKV6E-21
IGKV1-27*01	Novel allele found!	IGKV1-27*01_G282T	282G>T	GACATCCAGATGACCCAGTCTCCATCCTCCCTGTCTGCATCTGTAGGAGACAGAGTCACCATCACTTGCCGGGCGAGTCAGGGCATT..................AGCAATTATTTAGCCTGGTATCAGCAGAAACCAGGGAAAGTTCCTAAGCTCCTGATCTATGCTGCA.....................TCCACTTTGCAATCAGGGGTCCCA...TCTCGGTTCAGTGGCAGTGGA......TCTGGGACAGATTTCACTCTCACCATCAGCAGCCTTCAGCCTGAAGATGTTGCAACTTATTACTGTCAAAAGTATAACAGTGCCCCTCC	1	1	1	1	0.0027027027027027	370	0.159	1	10	75	GACATCCAGATGACCCAGTCTCCATCCTCCCTGTCTGCATCTGTAGGAGACAGAGTCACCATCACTTGCCGGGCGAGTCAGGGCATT..................AGCAATTATTTAGCCTGGTATCAGCAGAAACCAGGGAAAGTTCCTAAGCTCCTGATCTATGCTGCA.....................TCCACTTTGCAATCAGGGGTCCCA...TCTCGGTTCAGTGGCAGTGGA......TCTGGGACAGATTTCACTCTCACCATCAGCAGCCTGCAGCCTGAAGATGTTGCAACTTATTACTGTCAAAAGTATAACAGTGCCCCTCC	248	1	329	0.125	1	19	17	0.0459459459459459	8	2	0.05	1	1	0	IGKV1-27
IGKV1-27*01	Novel allele found!	IGKV1-27*01_G282A	282G>A	GACATCCAGATGACCCAGTCTCCATCCTCCCTGTCTGCATCTGTAGGAGACAGAGTCACCATCACTTGCCGGGCGAGTCAGGGCATT..................AGCAATTATTTAGCCTGGTATCAGCAGAAACCAGGGAAAGTTCCTAAGCTCCTGATCTATGCTGCA.....................TCCACTTTGCAATCAGGGGTCCCA...TCTCGGTTCAGTGGCAGTGGA......TCTGGGACAGATTTCACTCTCACCATCAGCAGCCTACAGCCTGAAGATGTTGCAACTTATTACTGTCAAAAGTATAACAGTGCCCCTCC	13	3	12	16	0.0432432432432432	370	0.159	1	10	75	GACATCCAGATGACCCAGTCTCCATCCTCCCTGTCTGCATCTGTAGGAGACAGAGTCACCATCACTTGCCGGGCGAGTCAGGGCATT..................AGCAATTATTTAGCCTGGTATCAGCAGAAACCAGGGAAAGTTCCTAAGCTCCTGATCTATGCTGCA.....................TCCACTTTGCAATCAGGGGTCCCA...TCTCGGTTCAGTGGCAGTGGA......TCTGGGACAGATTTCACTCTCACCATCAGCAGCCTGCAGCCTGAAGATGTTGCAACTTATTACTGTCAAAAGTATAACAGTGCCCCTCC	248	1	329	0.125	1	19	17	0.0459459459459459	8	2	0.05	1	1	0	IGKV1-27
IGKV4-1*01	Novel allele found!	IGKV4-1*01_A318G	318A>G	GACATCGTGATGACCCAGTCTCCAGACTCCCTGGCTGTGTCTCTGGGCGAGAGGGCCACCATCAACTGCAAGTCCAGCCAGAGTGTTTTATACAGCTCCAACAATAAGAACTACTTAGCTTGGTACCAGCAGAAACCAGGACAGCCTCCTAAGCTGCTCATTTACTGGGCA.....................TCTACCCGGGAATCCGGGGTCCCT...GACCGATTCAGTGGCAGCGGG......TCTGGGACAGATTTCACTCTCACCATCAGCAGCCTGCAGGCTGAAGATGTGGCAGTTTATTACTGTCAGCAGTATTATAGTACTCCTCC	439	5	392	539	0.369178082191781	1460	0.627	1	10	867	GACATCGTGATGACCCAGTCTCCAGACTCCCTGGCTGTGTCTCTGGGCGAGAGGGCCACCATCAACTGCAAGTCCAGCCAGAGTGTTTTATACAGCTCCAACAATAAGAACTACTTAGCTTGGTACCAGCAGAAACCAGGACAGCCTCCTAAGCTGCTCATTTACTGGGCA.....................TCTACCCGGGAATCCGGGGTCCCT...GACCGATTCAGTGGCAGCGGG......TCTGGGACAGATTTCACTCTCACCATCAGCAGCCTGCAGGCTGAAGATGTGGCAGTTTATTACTGTCAGCAATATTATAGTACTCCTCC	462	1	329	0.125	1	694	539	0.369178082191781	25	1	0.05	1	1	0	IGKV4-1
IGKV1-8*01	Novel allele found!	IGKV1-8*01_T31G	31T>G	GCCATCCGGATGACCCAGTCTCCATCCTCAGTCTCTGCATCTACAGGAGACAGAGTCACCATCACTTGTCGGGCGAGTCAGGGTATT..................AGCAGTTATTTAGCCTGGTATCAGCAAAAACCAGGGAAAGCCCCTAAGCTCCTGATCTATGCTGCA.....................TCCACTTTGCAAAGTGGGGTCCCA...TCAAGGTTCAGCGGCAGTGGA......TCTGGGACAGATTTCACTCTCACCATCAGCTGCCTGCAGTCTGAAGATTTTGCAACTTATTACTGTCAACAGTATTATAGTTACCCTCC	1	1	1	1	0.00392156862745098	255	0.098	1	10	162	GCCATCCGGATGACCCAGTCTCCATCCTCATTCTCTGCATCTACAGGAGACAGAGTCACCATCACTTGTCGGGCGAGTCAGGGTATT..................AGCAGTTATTTAGCCTGGTATCAGCAAAAACCAGGGAAAGCCCCTAAGCTCCTGATCTATGCTGCA.....................TCCACTTTGCAAAGTGGGGTCCCA...TCAAGGTTCAGCGGCAGTGGA......TCTGGGACAGATTTCACTCTCACCATCAGCTGCCTGCAGTCTGAAGATTTTGCAACTTATTACTGTCAACAGTATTATAGTTACCCTCC	73	1	330	0.125	1	142	123	0.482352941176471	19	2	0.05	1	1	0	IGKV1-8
IGKV1-8*01	Novel allele found!	IGKV1-8*01_T31C	31T>C	GCCATCCGGATGACCCAGTCTCCATCCTCACTCTCTGCATCTACAGGAGACAGAGTCACCATCACTTGTCGGGCGAGTCAGGGTATT..................AGCAGTTATTTAGCCTGGTATCAGCAAAAACCAGGGAAAGCCCCTAAGCTCCTGATCTATGCTGCA.....................TCCACTTTGCAAAGTGGGGTCCCA...TCAAGGTTCAGCGGCAGTGGA......TCTGGGACAGATTTCACTCTCACCATCAGCTGCCTGCAGTCTGAAGATTTTGCAACTTATTACTGTCAACAGTATTATAGTTACCCTCC	109	5	99	122	0.47843137254902	255	0.098	1	10	162	GCCATCCGGATGACCCAGTCTCCATCCTCATTCTCTGCATCTACAGGAGACAGAGTCACCATCACTTGTCGGGCGAGTCAGGGTATT..................AGCAGTTATTTAGCCTGGTATCAGCAAAAACCAGGGAAAGCCCCTAAGCTCCTGATCTATGCTGCA.....................TCCACTTTGCAAAGTGGGGTCCCA...TCAAGGTTCAGCGGCAGTGGA......TCTGGGACAGATTTCACTCTCACCATCAGCTGCCTGCAGTCTGAAGATTTTGCAACTTATTACTGTCAACAGTATTATAGTTACCCTCC	73	1	330	0.125	1	142	123	0.482352941176471	19	2	0.05	1	1	0	IGKV1-8
IGKV3-15*01	Novel allele found!	IGKV3-15*01_A117G	117A>G	GAAATAGTGATGACGCAGTCTCCAGCCACCCTGTCTGTGTCTCCAGGGGAAAGAGCCACCCTCTCCTGCAGGGCCAGTCAGAGTGTT..................AGCAGCAACTTGGCCTGGTACCAGCAGAAACCTGGCCAGGCTCCCAGGCTCCTCATCTATGGTGCA.....................TCCACCAGGGCCACTGGTATCCCA...GCCAGGTTCAGTGGCAGTGGG......TCTGGGACAGAGTTCACTCTCACCATCAGCAGCCTGCAGTCTGAAGATTTTGCAGTTTATTACTGTCAGCAGTATAATAACTGGCCTCC	633	5	577	727	0.337982333798233	2151	0.824	1	10	1296	GAAATAGTGATGACGCAGTCTCCAGCCACCCTGTCTGTGTCTCCAGGGGAAAGAGCCACCCTCTCCTGCAGGGCCAGTCAGAGTGTT..................AGCAGCAACTTAGCCTGGTACCAGCAGAAACCTGGCCAGGCTCCCAGGCTCCTCATCTATGGTGCA.....................TCCACCAGGGCCACTGGTATCCCA...GCCAGGTTCAGTGGCAGTGGG......TCTGGGACAGAGTTCACTCTCACCATCAGCAGCCTGCAGTCTGAAGATTTTGCAGTTTATTACTGTCAGCAGTATAATAACTGGCCTCC	730	1	330	0.125	1	991	727	0.337982333798233	35	1	0.05	1	1	0	IGKV3-15
IGKV1-6*01	Novel allele found!	IGKV1-6*01_G9A	9G>A	GCCATCCAAATGACCCAGTCTCCATCCTCCCTGTCTGCATCTGTAGGAGACAGAGTCACCATCACTTGCCGGGCAAGTCAGGGCATT..................AGAAATGATTTAGGCTGGTATCAGCAGAAACCAGGGAAAGCCCCTAAGCTCCTGATCTATGCTGCA.....................TCCAGTTTACAAAGTGGGGTCCCA...TCAAGGTTCAGCGGCAGTGGA......TCTGGCACAGATTTCACTCTCACCATCAGCAGCCTGCAGCCTGAAGATTTTGCAACTTATTACTGTCTACAAGATTACAATTACCCTCC	49	5	47	58	0.426470588235294	136	0.177	1	10	86	GCCATCCAGATGACCCAGTCTCCATCCTCCCTGTCTGCATCTGTAGGAGACAGAGTCACCATCACTTGCCGGGCAAGTCAGGGCATT..................AGAAATGATTTAGGCTGGTATCAGCAGAAACCAGGGAAAGCCCCTAAGCTCCTGATCTATGCTGCA.....................TCCAGTTTACAAAGTGGGGTCCCA...TCAAGGTTCAGCGGCAGTGGA......TCTGGCACAGATTTCACTCTCACCATCAGCAGCCTGCAGCCTGAAGATTTTGCAACTTATTACTGTCTACAAGATTACAATTACCCTCC	43	1	332	0.125	1	74	58	0.426470588235294	12	1	0.05	1	1	0	IGKV1-6
