allele_name,pipeline_names,similar_names
IGKJ1*01, IGKJ1*01, 
IGKJ2*01, IGKJ2*01, 
IGKJ2*03, IGKJ2*03, 
IGKJ2*04, IGKJ2*04, 
IGKJ3*01, IGKJ3*01, 
IGKJ4*01, IGKJ4*01, 
IGKJ5*01, IGKJ5*01, 
IGKV1-12*01, IGKV1-12*01, 
IGKV1-12*01_C306T_T309C, IGKV1-12*01_C306T_T309C, 
IGKV1-12*01_C306T_T309C_G319T_C320A_C324T, IGKV1-12*01_C306T_T309C_G319T_C320A_C324T, 
IGKV1-12*01_C30T, IGKV1-12*01_C30T, 
IGKV1-12*01_C59T, IGKV1-12*01_C59T, 
IGKV1-12*01_C74T, IGKV1-12*01_C74T, 
IGKV1-12*01_T309C, IGKV1-12*01_T309C, 
IGKV1-12*01_T333G, IGKV1-12*01_T333G, 
IGKV1-12*01_c306t_t309c, IGKV1-12*01_C306T_T309C, 
IGKV1-12*01_c306t_t309c_g319t_c320a_c324t, IGKV1-12*01_C306T_T309C_G319T_C320A_C324T, 
IGKV1-12*01_c30t, IGKV1-12*01_C30T, 
IGKV1-12*01_c59t, IGKV1-12*01_C59T, 
IGKV1-12*01_c74t, IGKV1-12*01_C74T, 
IGKV1-12*01_t309c, IGKV1-12*01_T309C, 
IGKV1-12*01_t333g, IGKV1-12*01_T333G, 
IGKV1-13*01, IGKV1-13*01, 
IGKV1-13*01_A123G, IGKV1-13*01_A123G, 
IGKV1-13*01_G9A_G53C_G83T_G107C_G110A_G112A_T114C_A123G_A151G_G153C_G159C_A164T_C170T_G197C_G201A_G202C_T220A_A222C_G225C_G239T_A240C_A271G_G275C_C276T_A277G_A300G_T306C_G318C_T320A_A325G_T327C, IGKV1-13*01_G9A_G53C_G83T_G107C_G110A_G112A_T114C_A123G_A151G_G153C_G159C_A164T_C170T_G197C_G201A_G202C_T220A_A222C_G225C_G239T_A240C_A271G_G275C_C276T_A277G_A300G_T306C_G318C_T320A_A325G_T327C, 
IGKV1-13*01_a123g, IGKV1-13*01_A123G, IGKV1D-13*02_g326a
IGKV1-13*01_g9a_g53c_g83t_g107c_g110a_g112a_t114c_a123g_a151g_g153c_g159c_a164t_c170t_g197c_g201a_g202c_t220a_a222c_g225c_g239t_a240c_a271g_g275c_c276t_a277g_a300g_t306c_g318c_t320a_a325g_t327c, IGKV1-13*01_G9A_G53C_G83T_G107C_G110A_G112A_T114C_A123G_A151G_G153C_G159C_A164T_C170T_G197C_G201A_G202C_T220A_A222C_G225C_G239T_A240C_A271G_G275C_C276T_A277G_A300G_T306C_G318C_T320A_A325G_T327C, 
IGKV1-16*02, IGKV1-16*02, 
IGKV1-16*02_G71A, IGKV1-16*02_G71A, 
IGKV1-16*02_g71a, IGKV1-16*02_G71A, 
IGKV1-17*01, IGKV1-17*01, 
IGKV1-17*01_A75G_T78C_A85G_T115G_A117C_G118T_G119C_A134T_A143G_G153A_A171G_G197C_A204T_C248T_C261T_T264C_C279G_A300G_C302T_G318A_G326C, IGKV1-17*01_A75G_T78C_A85G_T115G_A117C_G118T_G119C_A134T_A143G_G153A_A171G_G197C_A204T_C248T_C261T_T264C_C279G_A300G_C302T_G318A_G326C, 
IGKV1-17*01_T314A, IGKV1-17*01_T314A, 
IGKV1-17*01_T314A_C319T, IGKV1-17*01_T314A_C319T, 
IGKV1-17*01_T314A_T324C, IGKV1-17*01_T314A_T324C, 
IGKV1-17*01_a75g_t78c_a85g_t115g_a117c_g118t_g119c_a134t_a143g_g153a_a171g_g197c_a204t_c248t_c261t_t264c_c279g_a300g_c302t_g318a_g326c, IGKV1-17*01_A75G_T78C_A85G_T115G_A117C_G118T_G119C_A134T_A143G_G153A_A171G_G197C_A204T_C248T_C261T_T264C_C279G_A300G_C302T_G318A_G326C, 
IGKV1-17*01_t314a, IGKV1-17*01_T314A, 
IGKV1-17*01_t314a_c319t, IGKV1-17*01_T314A_C319T, 
IGKV1-17*01_t314a_t324c, IGKV1-17*01_T314A_T324C, 
IGKV1-17*03, IGKV1-17*03, 
IGKV1-27*01, IGKV1-27*01, 
IGKV1-27*01_A10T_C74T_A110G_G118A_C119A_C120T_A128G_C167G_C197A_A207T_G210A_A316C_T319A_A322T, IGKV1-27*01_A10T_C74T_A110G_G118A_C119A_C120T_A128G_C167G_C197A_A207T_G210A_A316C_T319A_A322T, 
IGKV1-27*01_A10T_C74T_A110G_G118A_C119A_C120T_A128G_G166A_C167G_C197A_A207T_C270T_T310G_A316C_A317G_T319A_A320C_A322T_G326A, IGKV1-27*01_A10T_C74T_A110G_G118A_C119A_C120T_A128G_G166A_C167G_C197A_A207T_C270T_T310G_A316C_A317G_T319A_A320C_A322T_G326A, 
IGKV1-27*01_A10T_C74T_A110G_G118A_C119A_C120T_A128G_G166A_C167G_C197A_A207T_G210A, IGKV1-27*01_A10T_C74T_A110G_G118A_C119A_C120T_A128G_G166A_C167G_C197A_A207T_G210A, 
IGKV1-27*01_A10T_C74T_A110G_G118A_C119A_C120T_A128G_G166A_C167G_C197A_A207T_G210A_C270T_T310G, IGKV1-27*01_A10T_C74T_A110G_G118A_C119A_C120T_A128G_G166A_C167G_C197A_A207T_G210A_C270T_T310G, 
IGKV1-27*01_A10T_C74T_A110G_G118A_C119A_C120T_A128G_G166A_C167G_C197A_A207T_G210A_C270T_T310G_A316C_A317G_T319A_A320C_A322T_G326A, IGKV1-27*01_A10T_C74T_A110G_G118A_C119A_C120T_A128G_G166A_C167G_C197A_A207T_G210A_C270T_T310G_A316C_A317G_T319A_A320C_A322T_G326A, 
IGKV1-27*01_A10T_C74T_A110G_G118A_C119A_C120T_A128G_G166A_C167G_C197A_A207T_G210A_C270T_T310G_A316C_T319A_A322T, IGKV1-27*01_A10T_C74T_A110G_G118A_C119A_C120T_A128G_G166A_C167G_C197A_A207T_G210A_C270T_T310G_A316C_T319A_A322T, 
IGKV1-27*01_C154A, IGKV1-27*01_C154A, 
IGKV1-27*01_C70T, IGKV1-27*01_C70T, 
IGKV1-27*01_T146C_T147C_T205A_T222A_C223A_A316C, IGKV1-27*01_T146C_T147C_T205A_T222A_C223A_A316C, 
IGKV1-27*01_T333G, IGKV1-27*01_T333G, 
IGKV1-27*01_a10t_c74t_a110g_g118a_c119a_c120t_a128g_c167g_c197a_a207t_g210a_a316c_t319a_a322t, IGKV1-27*01_A10T_C74T_A110G_G118A_C119A_C120T_A128G_C167G_C197A_A207T_G210A_A316C_T319A_A322T, 
IGKV1-27*01_a10t_c74t_a110g_g118a_c119a_c120t_a128g_g166a_c167g_c197a_a207t_c270t_t310g_a316c_a317g_t319a_a320c_a322t_g326a, IGKV1-27*01_A10T_C74T_A110G_G118A_C119A_C120T_A128G_G166A_C167G_C197A_A207T_C270T_T310G_A316C_A317G_T319A_A320C_A322T_G326A, 
IGKV1-27*01_a10t_c74t_a110g_g118a_c119a_c120t_a128g_g166a_c167g_c197a_a207t_g210a, IGKV1-27*01_A10T_C74T_A110G_G118A_C119A_C120T_A128G_G166A_C167G_C197A_A207T_G210A, 
IGKV1-27*01_a10t_c74t_a110g_g118a_c119a_c120t_a128g_g166a_c167g_c197a_a207t_g210a_c270t_t310g, IGKV1-27*01_A10T_C74T_A110G_G118A_C119A_C120T_A128G_G166A_C167G_C197A_A207T_G210A_C270T_T310G, 
IGKV1-27*01_a10t_c74t_a110g_g118a_c119a_c120t_a128g_g166a_c167g_c197a_a207t_g210a_c270t_t310g_a316c_a317g_t319a_a320c_a322t_g326a, IGKV1-27*01_A10T_C74T_A110G_G118A_C119A_C120T_A128G_G166A_C167G_C197A_A207T_G210A_C270T_T310G_A316C_A317G_T319A_A320C_A322T_G326A, 
IGKV1-27*01_a10t_c74t_a110g_g118a_c119a_c120t_a128g_g166a_c167g_c197a_a207t_g210a_c270t_t310g_a316c_t319a_a322t, IGKV1-27*01_A10T_C74T_A110G_G118A_C119A_C120T_A128G_G166A_C167G_C197A_A207T_G210A_C270T_T310G_A316C_T319A_A322T, 
IGKV1-27*01_c154a, IGKV1-27*01_C154A, 
IGKV1-27*01_c70t, IGKV1-27*01_C70T, 
IGKV1-27*01_t146c_t147c_t205a_t222a_c223a_a316c, IGKV1-27*01_T146C_T147C_T205A_T222A_C223A_A316C, 
IGKV1-27*01_t333g, IGKV1-27*01_T333G, 
IGKV1-27*02, IGKV1-27*02, 
IGKV1-27*02_A316C, IGKV1-27*02_A316C, 
IGKV1-27*02_a316c, IGKV1-27*02_A316C, 
IGKV1-39*01, IGKV1-39*01, 
IGKV1-39*01_A229C, IGKV1-39*01_A229C, 
IGKV1-39*01_T333G, IGKV1-39*01_T333G, 
IGKV1-39*01_a229c, IGKV1-39*01_A229C, 
IGKV1-39*01_t333g, IGKV1-39*01_T333G, 
IGKV1-5*01, IGKV1-5*01, 
IGKV1-5*01_T333G, IGKV1-5*01_T333G, 
IGKV1-5*01_t333g, IGKV1-5*01_T333G, 
IGKV1-5*03, IGKV1-5*03, 
IGKV1-5*03_A144C, IGKV1-5*03_A144C, 
IGKV1-5*03_T330C, IGKV1-5*03_T330C, 
IGKV1-5*03_T331C, IGKV1-5*03_T331C, 
IGKV1-5*03_T333A, IGKV1-5*03_T333A, 
IGKV1-5*03_T333G, IGKV1-5*03_T333G, 
IGKV1-5*03_a144c, IGKV1-5*03_A144C, 
IGKV1-5*03_t330c, IGKV1-5*03_T330C, 
IGKV1-5*03_t331c, IGKV1-5*03_T331C, 
IGKV1-5*03_t333a, IGKV1-5*03_T333A, 
IGKV1-5*03_t333g, IGKV1-5*03_T333G, 
IGKV1-5*04, IGKV1-5*04, 
IGKV1-5*04_T330C, IGKV1-5*04_T330C, 
IGKV1-5*04_T331C, IGKV1-5*04_T331C, 
IGKV1-5*04_t330c, IGKV1-5*04_T330C, 
IGKV1-5*04_t331c, IGKV1-5*04_T331C, 
IGKV1-5*05, IGKV1-5*05, 
IGKV1-6*01, IGKV1-6*01, 
IGKV1-6*01_A61G_G119C_G197C, IGKV1-6*01_A61G_G119C_G197C, 
IGKV1-6*01_C252G_T314A, IGKV1-6*01_C252G_T314A, 
IGKV1-6*01_G9A, IGKV1-6*01_G9A, 
IGKV1-6*01_T314A_A318G, IGKV1-6*01_T314A_A318G, 
IGKV1-6*01_a61g_g119c_g197c, IGKV1-6*01_A61G_G119C_G197C, 
IGKV1-6*01_c252g_t314a, IGKV1-6*01_C252G_T314A, 
IGKV1-6*01_g9a, IGKV1-6*01_G9A, 
IGKV1-6*01_t314a_a318g, IGKV1-6*01_T314A_A318G, 
IGKV1-8*01, IGKV1-8*01, 
IGKV1-8*01_A171T, IGKV1-8*01_A171T, 
IGKV1-8*01_C59A, IGKV1-8*01_C59A, 
IGKV1-8*01_T258C, IGKV1-8*01_T258C, 
IGKV1-8*01_T277A_T286C, IGKV1-8*01_T277A_T286C, 
IGKV1-8*01_T333G, IGKV1-8*01_T333G, 
IGKV1-8*01_a171t, IGKV1-8*01_A171T, 
IGKV1-8*01_c59a, IGKV1-8*01_C59A, 
IGKV1-8*01_t258c, IGKV1-8*01_T258C, 
IGKV1-8*01_t277a_t286c, IGKV1-8*01_T277A_T286C, 
IGKV1-8*01_t333g, IGKV1-8*01_T333G, 
IGKV1-8*02, IGKV1-8*02, 
IGKV1-8*03, IGKV1-8*03, 
IGKV1-9*01, IGKV1-9*01, 
IGKV1-9*01_A258T_A270C_A322T, IGKV1-9*01_A258T_A270C_A322T, 
IGKV1-9*01_C75A, IGKV1-9*01_C75A, 
IGKV1-9*01_T333G, IGKV1-9*01_T333G, 
IGKV1-9*01_a258t_a270c_a322t, IGKV1-9*01_A258T_A270C_A322T, 
IGKV1-9*01_c75a, IGKV1-9*01_C75A, 
IGKV1-9*01_t333g, IGKV1-9*01_T333G, 
IGKV1-9*02, IGKV1-9*02, 
IGKV1-NL1*01, IGKV1-NL1*01, 
IGKV1-NL1*01_C160A_A198T_G202C_G255A_A260T_T324C, IGKV1-NL1*01_C160A_A198T_G202C_G255A_A260T_T324C, 
IGKV1-NL1*01_C74T, IGKV1-NL1*01_C74T, 
IGKV1-NL1*01_G255A_A260T, IGKV1-NL1*01_G255A_A260T, 
IGKV1-NL1*01_T333A, IGKV1-NL1*01_T333A, 
IGKV1-NL1*01_c160a_a198t_g202c_g255a_a260t_t324c, IGKV1-NL1*01_C160A_A198T_G202C_G255A_A260T_T324C, 
IGKV1-NL1*01_c74t, IGKV1-NL1*01_C74T, 
IGKV1-NL1*01_g255a_a260t, IGKV1-NL1*01_G255A_A260T, 
IGKV1-NL1*01_t333a, IGKV1-NL1*01_T333A, 
IGKV1D-12*01, IGKV1D-12*01, 
IGKV1D-12*01_C231T_T270C_T309C, IGKV1D-12*01_C231T_T270C_T309C, 
IGKV1D-12*01_T270C_T309C, IGKV1D-12*01_T270C_T309C, 
IGKV1D-12*01_c231t_t270c_t309c, IGKV1D-12*01_C231T_T270C_T309C, 
IGKV1D-12*01_t270c_t309c, IGKV1D-12*01_T270C_T309C, 
IGKV1D-13*02, IGKV1D-13*02, 
IGKV1D-13*02_G326A, IGKV1D-13*02_G326A, 
IGKV1D-16*01, IGKV1D-16*01, 
IGKV1D-16*01_C312T, IGKV1D-16*01_C312T, 
IGKV1D-16*01_c312t, IGKV1D-16*01_C312T, 
IGKV1D-16*02, IGKV1D-16*02, 
IGKV1D-17*01, IGKV1D-17*01, 
IGKV1D-33*01, IGKV1D-33*01, 
IGKV1D-33*01_G224A, IGKV1D-33*01_G224A, 
IGKV1D-33*01_T333G, IGKV1D-33*01_T333G, 
IGKV1D-33*01_g224a, IGKV1D-33*01_G224A, 
IGKV1D-33*01_t333g, IGKV1D-33*01_T333G, 
IGKV1D-42*01, IGKV1D-42*01, 
IGKV1D-42*02, IGKV1D-42*02, 
IGKV1D-43*01, IGKV1D-43*01, 
IGKV1D-8*01, IGKV1D-8*01, 
IGKV1D-8*01_T276C, IGKV1D-8*01_T276C, 
IGKV1D-8*01_T276C_T277A_T286C, IGKV1D-8*01_T276C_T277A_T286C, 
IGKV1D-8*01_t276c, IGKV1D-8*01_T276C, 
IGKV1D-8*01_t276c_t277a_t286c, IGKV1D-8*01_T276C_T277A_T286C, 
IGKV1D-8*02, IGKV1D-8*02, 
IGKV1D-8*04, IGKV1D-8*04, 
IGKV2-18*01, IGKV2-18*01, 
IGKV2-24*01, IGKV2-24*01, 
IGKV2-24*02, IGKV2-24*02, 
IGKV2-24*02_T330C, IGKV2-24*02_T330C, 
IGKV2-24*02_t330c, IGKV2-24*02_T330C, 
IGKV2-28*01, IGKV2-28*01, 
IGKV2-28*01_C142A, IGKV2-28*01_C142A, 
IGKV2-28*01_G202T, IGKV2-28*01_G202T, 
IGKV2-28*01_G90C, IGKV2-28*01_G90C, 
IGKV2-28*01_c142a, IGKV2-28*01_C142A, 
IGKV2-28*01_g202t, IGKV2-28*01_G202T, 
IGKV2-28*01_g90c, IGKV2-28*01_G90C, 
IGKV2-29*01, IGKV2-29*01, 
IGKV2-29*02, IGKV2-29*02, 
IGKV2-29*02_T330C, IGKV2-29*02_T330C, 
IGKV2-29*02_t330c, IGKV2-29*02_T330C, 
IGKV2-30*01, IGKV2-30*01, 
IGKV2-30*01_T333G, IGKV2-30*01_T333G, 
IGKV2-30*01_t333g, IGKV2-30*01_T333G, 
IGKV2-30*02, IGKV2-30*02, 
IGKV2D-18*01, IGKV2D-18*01, 
IGKV2D-24*01, IGKV2D-24*01, 
IGKV2D-26*03, IGKV2D-26*03, 
IGKV2D-26*03_G63C, IGKV2D-26*03_G63C, 
IGKV2D-26*03_g63c, IGKV2D-26*03_G63C, 
IGKV2D-29*01, IGKV2D-29*01, 
IGKV2D-29*01_A94G, IGKV2D-29*01_A94G, 
IGKV2D-29*01_G295A, IGKV2D-29*01_G295A, 
IGKV2D-29*01_a94g, IGKV2D-29*01_A94G, 
IGKV2D-29*01_g295a, IGKV2D-29*01_G295A, 
IGKV2D-29*02, IGKV2D-29*02, 
IGKV2D-29*02_A319G, IGKV2D-29*02_A319G, 
IGKV2D-29*02_a319g, IGKV2D-29*02_A319G, 
IGKV2D-30*01, IGKV2D-30*01, 
IGKV2D-40*01, IGKV2D-40*01, 
IGKV2D-40*01_C195T, IGKV2D-40*01_C195T, 
IGKV2D-40*01_T333C, IGKV2D-40*01_T333C, 
IGKV2D-40*01_c195t, IGKV2D-40*01_C195T, 
IGKV2D-40*01_t333c, IGKV2D-40*01_T333C, 
IGKV3-11*01, IGKV3-11*01, 
IGKV3-11*01_A211C, IGKV3-11*01_A211C, 
IGKV3-11*01_A223C, IGKV3-11*01_A223C, 
IGKV3-11*01_T333G, IGKV3-11*01_T333G, 
IGKV3-11*01_a211c, IGKV3-11*01_A211C, 
IGKV3-11*01_a223c, IGKV3-11*01_A223C, 
IGKV3-11*01_t333g, IGKV3-11*01_T333G, 
IGKV3-15*01, IGKV3-15*01, 
IGKV3-15*01_A117G, IGKV3-15*01_A117G, 
IGKV3-15*01_A223C, IGKV3-15*01_A223C, 
IGKV3-15*01_C141G, IGKV3-15*01_C141G, 
IGKV3-15*01_C27T, IGKV3-15*01_C27T, 
IGKV3-15*01_G107A, IGKV3-15*01_G107A, 
IGKV3-15*01_T333G, IGKV3-15*01_T333G, 
IGKV3-15*01_a117g, IGKV3-15*01_A117G, 
IGKV3-15*01_a223c, IGKV3-15*01_A223C, 
IGKV3-15*01_c141g, IGKV3-15*01_C141G, 
IGKV3-15*01_c27t, IGKV3-15*01_C27T, 
IGKV3-15*01_g107a, IGKV3-15*01_G107A, 
IGKV3-15*01_t333g, IGKV3-15*01_T333G, 
IGKV3-20*01, IGKV3-20*01, 
IGKV3-20*01_G220C, IGKV3-20*01_G220C, 
IGKV3-20*01_T333A, IGKV3-20*01_T333A, 
IGKV3-20*01_T333G, IGKV3-20*01_T333G, 
IGKV3-20*01_g220c, IGKV3-20*01_G220C, 
IGKV3-20*01_t333a, IGKV3-20*01_T333A, 
IGKV3-20*01_t333g, IGKV3-20*01_T333G, 
IGKV3-7*04, IGKV3-7*04, 
IGKV3D-11*01, IGKV3D-11*01, 
IGKV3D-11*01_T207C, IGKV3D-11*01_T207C, 
IGKV3D-11*01_t207c, IGKV3D-11*01_T207C, 
IGKV3D-11*02, IGKV3D-11*02, 
IGKV3D-11*02_A15G_C26G, IGKV3D-11*02_A15G_C26G, 
IGKV3D-11*02_A15G_C26G_A167G_C247T, IGKV3D-11*02_A15G_C26G_A167G_C247T, 
IGKV3D-11*02_A15G_C26G_C247T, IGKV3D-11*02_A15G_C26G_C247T, 
IGKV3D-11*02_C247T, IGKV3D-11*02_C247T, 
IGKV3D-11*02_G129A, IGKV3D-11*02_G129A, 
IGKV3D-11*02_T112A_C247T, IGKV3D-11*02_T112A_C247T, 
IGKV3D-11*02_T6A_T10A_A15G_T37G_T112A_C247T, IGKV3D-11*02_T6A_T10A_A15G_T37G_T112A_C247T, 
IGKV3D-11*02_a15g_c26g, IGKV3D-11*02_A15G_C26G, 
IGKV3D-11*02_a15g_c26g_a167g_c247t, IGKV3D-11*02_A15G_C26G_A167G_C247T, 
IGKV3D-11*02_a15g_c26g_c247t, IGKV3D-11*02_A15G_C26G_C247T, 
IGKV3D-11*02_c247t, IGKV3D-11*02_C247T, 
IGKV3D-11*02_g129a, IGKV3D-11*02_G129A, 
IGKV3D-11*02_t112a_c247t, IGKV3D-11*02_T112A_C247T, 
IGKV3D-11*02_t6a_t10a_a15g_t37g_t112a_c247t, IGKV3D-11*02_T6A_T10A_A15G_T37G_T112A_C247T, 
IGKV3D-15*01, IGKV3D-15*01, 
IGKV3D-15*01_A223C, IGKV3D-15*01_A223C, 
IGKV3D-15*01_A323G, IGKV3D-15*01_A323G, 
IGKV3D-15*01_A326G, IGKV3D-15*01_A326G, 
IGKV3D-15*01_A6T_A10T_G37T, IGKV3D-15*01_A6T_A10T_G37T, 
IGKV3D-15*01_A6T_A10T_G37T_G258C_C283G_T286C_A323G, IGKV3D-15*01_A6T_A10T_G37T_G258C_C283G_T286C_A323G, 
IGKV3D-15*01_C141G, IGKV3D-15*01_C141G, 
IGKV3D-15*01_C141G_C210G, IGKV3D-15*01_C141G_C210G, 
IGKV3D-15*01_C197T, IGKV3D-15*01_C197T, 
IGKV3D-15*01_C210G, IGKV3D-15*01_C210G, 
IGKV3D-15*01_G258C_C283G_T286C, IGKV3D-15*01_G258C_C283G_T286C, 
IGKV3D-15*01_G258C_C283G_T286C_A323G, IGKV3D-15*01_G258C_C283G_T286C_A323G, 
IGKV3D-15*01_T333G, IGKV3D-15*01_T333G, 
IGKV3D-15*01_a223c, IGKV3D-15*01_A223C, 
IGKV3D-15*01_a323g, IGKV3D-15*01_A323G, 
IGKV3D-15*01_a326g, IGKV3D-15*01_A326G, 
IGKV3D-15*01_a6t_a10t_g37t, IGKV3D-15*01_A6T_A10T_G37T, 
IGKV3D-15*01_a6t_a10t_g37t_g258c_c283g_t286c_a323g, IGKV3D-15*01_A6T_A10T_G37T_G258C_C283G_T286C_A323G, 
IGKV3D-15*01_c141g, IGKV3D-15*01_C141G, 
IGKV3D-15*01_c141g_c210g, IGKV3D-15*01_C141G_C210G, 
IGKV3D-15*01_c197t, IGKV3D-15*01_C197T, IGKV3D-15*03_t278g
IGKV3D-15*01_c210g, IGKV3D-15*01_C210G, 
IGKV3D-15*01_g258c_c283g_t286c, IGKV3D-15*01_G258C_C283G_T286C, 
IGKV3D-15*01_g258c_c283g_t286c_a323g, IGKV3D-15*01_G258C_C283G_T286C_A323G, 
IGKV3D-15*01_t333g, IGKV3D-15*01_T333G, 
IGKV3D-15*03, IGKV3D-15*03, 
IGKV3D-15*03_T278G, IGKV3D-15*03_T278G, 
IGKV3D-20*01, IGKV3D-20*01, 
IGKV3D-7*01, IGKV3D-7*01, 
IGKV3D-7*01_C234T, IGKV3D-7*01_C234T, 
IGKV3D-7*01_c234t, IGKV3D-7*01_C234T, 
IGKV4-1*01, IGKV4-1*01, 
IGKV4-1*01_G72A, IGKV4-1*01_G72A, 
IGKV4-1*01_T333G, IGKV4-1*01_T333G, 
IGKV4-1*01_g72a, IGKV4-1*01_G72A, 
IGKV4-1*01_t333g, IGKV4-1*01_T333G, 
IGKV4-1*02, IGKV4-1*02, 
IGKV5-2*01, IGKV5-2*01, 
IGKV5-2*02, IGKV5-2*02, 
IGKV5-2*02_T108G, IGKV5-2*02_T108G, 
IGKV5-2*02_t108g, IGKV5-2*02_T108G, 
IGKV6-21*02, IGKV6-21*02, 
IGKV6-21*02_A330C, IGKV6-21*02_A330C, 
IGKV6-21*02_G9C_T108C_C114T_C126T_C130G_A160G_A167C_G169T_A322G, IGKV6-21*02_G9C_T108C_C114T_C126T_C130G_A160G_A167C_G169T_A322G, 
IGKV6-21*02_a330c, IGKV6-21*02_A330C, 
IGKV6-21*02_g9c_t108c_c114t_c126t_c130g_a160g_a167c_g169t_a322g, IGKV6-21*02_G9C_T108C_C114T_C126T_C130G_A160G_A167C_G169T_A322G, 
IGKV6D-21*01, IGKV6D-21*01, 
IGKV6D-21*01_A301G, IGKV6D-21*01_A301G, 
IGKV6D-21*01_A85G_A164C_G165T_T166C, IGKV6D-21*01_A85G_A164C_G165T_T166C, 
IGKV6D-21*01_C162T, IGKV6D-21*01_C162T, 
IGKV6D-21*01_a301g, IGKV6D-21*01_A301G, IGKV6D-21*02_a202t
IGKV6D-21*01_a85g_a164c_g165t_t166c, IGKV6D-21*01_A85G_A164C_G165T_T166C, 
IGKV6D-21*01_c162t, IGKV6D-21*01_C162T, 
IGKV6D-21*02, IGKV6D-21*02, 
IGKV6D-21*02_A202T, IGKV6D-21*02_A202T, 
IGKV6D-41*01, IGKV6D-41*01, 
IGKV6D-41*01_T220C, IGKV6D-41*01_T220C, 
IGKV6D-41*01_t220c, IGKV6D-41*01_T220C, 
