vdjbase_name,airr_file,airr_repertoire_id
P34_I1_S1,P34_PRJNA788351.json,FFC1_PRJNA788351_IGH
P34_I2_S1,P34_PRJNA788351.json,FFC100_PRJNA788351_IGH
P34_I3_S1,P34_PRJNA788351.json,FFC101_PRJNA788351_IGH
P34_I4_S1,P34_PRJNA788351.json,FFC102_PRJNA788351_IGH
P34_I5_S1,P34_PRJNA788351.json,FFC103_PRJNA788351_IGH
P34_I6_S1,P34_PRJNA788351.json,FFC105_PRJNA788351_IGH
P34_I7_S1,P34_PRJNA788351.json,FFC107_PRJNA788351_IGH
P34_I8_S1,P34_PRJNA788351.json,FFC11_PRJNA788351_IGH
P34_I9_S1,P34_PRJNA788351.json,FFC124_PRJNA788351_IGH
P34_I10_S1,P34_PRJNA788351.json,FFC13_PRJNA788351_IGH
P34_I11_S1,P34_PRJNA788351.json,FFC14_PRJNA788351_IGH
P34_I12_S1,P34_PRJNA788351.json,FFC16_PRJNA788351_IGH
P34_I13_S1,P34_PRJNA788351.json,FFC17_PRJNA788351_IGH
P34_I14_S1,P34_PRJNA788351.json,FFC21_PRJNA788351_IGH
P34_I15_S1,P34_PRJNA788351.json,FFC22_PRJNA788351_IGH
P34_I16_S1,P34_PRJNA788351.json,FFC23_PRJNA788351_IGH
P34_I17_S1,P34_PRJNA788351.json,FFC24_PRJNA788351_IGH
P34_I18_S1,P34_PRJNA788351.json,FFC27_PRJNA788351_IGH
P34_I19_S1,P34_PRJNA788351.json,FFC30_PRJNA788351_IGH
P34_I20_S1,P34_PRJNA788351.json,FFC33_PRJNA788351_IGH
P34_I21_S1,P34_PRJNA788351.json,FFC34_PRJNA788351_IGH
P34_I22_S1,P34_PRJNA788351.json,FFC35_PRJNA788351_IGH
P34_I23_S1,P34_PRJNA788351.json,FFC36_PRJNA788351_IGH
P34_I24_S1,P34_PRJNA788351.json,FFC37_PRJNA788351_IGH
P34_I25_S1,P34_PRJNA788351.json,FFC5_PRJNA788351_IGH
P34_I26_S1,P34_PRJNA788351.json,FFC51_PRJNA788351_IGH
P34_I27_S1,P34_PRJNA788351.json,FFC64_PRJNA788351_IGH
P34_I28_S1,P34_PRJNA788351.json,FFC65_PRJNA788351_IGH
P34_I29_S1,P34_PRJNA788351.json,FFC7_PRJNA788351_IGH
P34_I30_S1,P34_PRJNA788351.json,FFC74_PRJNA788351_IGH
P34_I31_S1,P34_PRJNA788351.json,FFC8_PRJNA788351_IGH
P34_I32_S1,P34_PRJNA788351.json,FFC80_PRJNA788351_IGH
P34_I33_S1,P34_PRJNA788351.json,FFC81_PRJNA788351_IGH
P34_I34_S1,P34_PRJNA788351.json,FFC82_PRJNA788351_IGH
P34_I35_S1,P34_PRJNA788351.json,FFC83_PRJNA788351_IGH
P34_I36_S1,P34_PRJNA788351.json,FFC84_PRJNA788351_IGH
P34_I37_S1,P34_PRJNA788351.json,FFC86_PRJNA788351_IGH
P34_I38_S1,P34_PRJNA788351.json,FFC87_PRJNA788351_IGH
P34_I39_S1,P34_PRJNA788351.json,FFC88_PRJNA788351_IGH
P34_I40_S1,P34_PRJNA788351.json,FFC89_PRJNA788351_IGH
P34_I41_S1,P34_PRJNA788351.json,FFC9_PRJNA788351_IGH
P34_I42_S1,P34_PRJNA788351.json,FFC91_PRJNA788351_IGH
P34_I43_S1,P34_PRJNA788351.json,FFC92_PRJNA788351_IGH
P34_I44_S1,P34_PRJNA788351.json,FFC93_PRJNA788351_IGH
P34_I45_S1,P34_PRJNA788351.json,FFC94_PRJNA788351_IGH
P34_I46_S1,P34_PRJNA788351.json,FFC95_PRJNA788351_IGH
P34_I47_S1,P34_PRJNA788351.json,FFC96_PRJNA788351_IGH
P34_I48_S1,P34_PRJNA788351.json,FFC97_PRJNA788351_IGH
P34_I49_S1,P34_PRJNA788351.json,FFC98_PRJNA788351_IGH
P34_I50_S1,P34_PRJNA788351.json,FFC99_PRJNA788351_IGH
